{"cameraMode":{"drawMode":0,"name":"Shaded","section":"Shading Mode"},"sceneLighting":false,"audioPlay":false,"sceneViewState":{"showFog":true,"showMaterialUpdate":false,"showSkybox":false,"showFlares":true,"showImageEffects":true,"showParticleSystems":true},"in2DMode":false,"pivot":{"x":-0.03353244438767433,"y":-0.02565769851207733,"z":-0.030917417258024217},"rotation":{"x":-0.11441570520401001,"y":0.8157781958580017,"z":-0.17286525666713715,"w":-0.5399681925773621},"size":0.803646445274353,"orthographic":false}