{"cameraMode":{"drawMode":0,"name":"Shaded","section":"Shading Mode"},"sceneLighting":true,"audioPlay":false,"sceneViewState":{"showFog":true,"showMaterialUpdate":false,"showSkybox":true,"showFlares":true,"showImageEffects":true,"showParticleSystems":true},"in2DMode":false,"pivot":{"x":0.728473424911499,"y":1.2565767765045167,"z":1.0747556686401368},"rotation":{"x":-0.2340731918811798,"y":-0.49414318799972536,"z":0.14012114703655244,"w":-0.825472891330719},"size":5.116803169250488,"orthographic":false}