{"cameraMode":{"drawMode":0,"name":"Shaded","section":"Shading Mode"},"sceneLighting":true,"audioPlay":false,"sceneViewState":{"showFog":true,"showMaterialUpdate":false,"showSkybox":true,"showFlares":true,"showImageEffects":true,"showParticleSystems":true},"in2DMode":false,"pivot":{"x":87.25088500976563,"y":16.480300903320314,"z":387.42822265625},"rotation":{"x":0.014691384509205819,"y":0.9279988408088684,"z":0.037407856434583667,"w":-0.3707749545574188},"size":5.042036533355713,"orthographic":false}